[
  {
    "id": 1,
    "title": "Enjoy on your TV.",
    "subTitle": "Watch on smart TVs, PlayStation, Xbox, Chromecast, Apple TV, Blu-ray players and more.",
    "image": "/images/misc/home-tv.jpg",
    "alt": "Tiger King on Netflix",
    "direction": "row"
  },
  {
    "id": 2,
    "title": "Download your shows to watch offline.",
    "subTitle": "Save your favourites easily and always have something to watch.",
    "image": "/images/misc/home-mobile.jpg",
    "alt": "Watch on mobile",
    "direction": "row-reverse"
  },
  {
    "id": 3,
    "title": "Watch everywhere.",
    "subTitle": "Stream unlimited films and TV programmes on your phone, tablet, laptop and TV without paying more.",
    "image": "/images/misc/home-imac.jpg",
    "alt": "Money Heist on Netflix",
    "direction": "row"
  },
  {
    "id": 4,
    "title": "Create profiles for children.",
    "subTitle": "Send children on adventures with their favourite characters in a space made just for them—free with your membership.",
    "image": "/images/misc/children.jpg",
    "alt": "children profile",
    "direction": "row-reverse"
  }
]
